Sector,Filename,Type,URL
,Apichaya Wannakit WhatsApp 2025-12-24,Gallery,https://irp.cdn-website.com/5516674f/dms3rep/multi/Images+for+Website-Bangkok+Kunsthalle+Images+for+Website-6.+Residency-6.9+Apichaya+Wannakit--WhatsApp+Image+2025-12-24+at+15.01.33.jpeg
Exhibition,Nine Plus Five Works Flowers of Thailand,Gallery,https://irp.cdn-website.com/5516674f/dms3rep/multi/Puma_Images+for+Website-Bangkok+Kunsthalle+Images+for+Website-3.+Exhibition-3.1+Nine+Plus+Five+Works--Flowers+of+Thailand-+2023-+installation+with+two+digital+video+4K-+color-+sound-+courtesy+of+the+artist.jpg
Exhibition,Nine Plus Five Works Exhibition Preecha Pattara 31,Gallery,https://irp.cdn-website.com/5516674f/dms3rep/multi/Puma_Images+for+Website-Bangkok+Kunsthalle+Images+for+Website-3.+Exhibition-3.1+Nine+Plus+Five+Works--Nine+Plus+Five+Works+Exhibition+Images-+Preecha+Pattara+31.jpg
Exhibition,Nine Plus Five Works Samatcha Apaisuwan 23 COVER,Feature,https://irp.cdn-website.com/5516674f/dms3rep/multi/Puma_Images+for+Website-Bangkok+Kunsthalle+Images+for+Website-3.+Exhibition-3.1+Nine+Plus+Five+Works--Nine+Plus+Five+Works+Opening-+Samatcha+Apaisuwan+23+COVER.jpg
Exhibition,Nine Plus Five Works Opening Samatcha Apaisuwan 23,Gallery,https://irp.cdn-website.com/5516674f/dms3rep/multi/Puma_Images+for+Website-Bangkok+Kunsthalle+Images+for+Website-3.+Exhibition-3.1+Nine+Plus+Five+Works--Nine+Plus+Five+Works+Opening-+Samatcha+Apaisuwan+23.jpg
Exhibition,Nine Plus Five Works Opening Samatcha Apaisuwan 31,Gallery,https://irp.cdn-website.com/5516674f/dms3rep/multi/Puma_Images+for+Website-Bangkok+Kunsthalle+Images+for+Website-3.+Exhibition-3.1+Nine+Plus+Five+Works--Nine+Plus+Five+Works+Opening-+Samatcha+Apaisuwan+31.jpg
Exhibition,Nine Plus Five Works Opening Samatcha Apaisuwan 32,Gallery,https://irp.cdn-website.com/5516674f/dms3rep/multi/Puma_Images+for+Website-Bangkok+Kunsthalle+Images+for+Website-3.+Exhibition-3.1+Nine+Plus+Five+Works--Nine+Plus+Five+Works+Opening-+Samatcha+Apaisuwan+32.jpg
Exhibition,nostalgia for unity Artit Punyanutaruk 10,Gallery,https://irp.cdn-website.com/5516674f/dms3rep/multi/Puma_Images+for+Website-Bangkok+Kunsthalle+Images+for+Website-3.+Exhibition-3.2+nostalgia+for+unity--nostalgia+for+unity-+Artit+Punyanutaruk+10.jpg
Exhibition,nostalgia for unity Artit Punyanutaruk 20,Gallery,https://irp.cdn-website.com/5516674f/dms3rep/multi/Puma_Images+for+Website-Bangkok+Kunsthalle+Images+for+Website-3.+Exhibition-3.2+nostalgia+for+unity--nostalgia+for+unity-+Artit+Punyanutaruk+20.jpg
Residency,Natalie Bruck Sivakorn Charoenyothin 3,Gallery,https://irp.cdn-website.com/5516674f/dms3rep/multi/Puma_Images+for+Website-Bangkok+Kunsthalle+Images+for+Website-6.+Residency-6.2+Natalie+Br%C3%BCck--Working+On+The+Imaginary+Object-+Sivakorn+Charoenyothin+3.jpg
Residency,Natalie Bruck Sivakorn Charoenyothin 2,Gallery,https://irp.cdn-website.com/5516674f/dms3rep/multi/Puma_Images+for+Website-Bangkok+Kunsthalle+Images+for+Website-6.+Residency-6.2+Natalie+Br%C3%BCck--Working+On+The+Imaginary+Object-+Sivakorn+Charoenyothin+2.jpg
Residency,Natalie Bruck Sivakorn Charoenyothin 1,Gallery,https://irp.cdn-website.com/5516674f/dms3rep/multi/Puma_Images+for+Website-Bangkok+Kunsthalle+Images+for+Website-6.+Residency-6.2+Natalie+Br%C3%BCck--Working+On+The+Imaginary+Object-+Sivakorn+Charoenyothin+1.jpg
Residency,Natalie Bruck Sivakorn Charoenyothin 6,Gallery,https://irp.cdn-website.com/5516674f/dms3rep/multi/Puma_Images+for+Website-Bangkok+Kunsthalle+Images+for+Website-6.+Residency-6.2+Natalie+Br%C3%BCck--Working+On+The+Imaginary+Object-+Sivakorn+Charoenyothin+6.jpg
Residency,Natalie Bruck Sivakorn Charoenyothin 5,Gallery,https://irp.cdn-website.com/5516674f/dms3rep/multi/Puma_Images+for+Website-Bangkok+Kunsthalle+Images+for+Website-6.+Residency-6.2+Natalie+Br%C3%BCck--Working+On+The+Imaginary+Object-+Sivakorn+Charoenyothin+5.jpg
Residency,Natalie Bruck Sivakorn Charoenyothin 1 COVER,Feature,https://irp.cdn-website.com/5516674f/dms3rep/multi/Puma_Images+for+Website-Bangkok+Kunsthalle+Images+for+Website-6.+Residency-6.2+Natalie+Br%C3%BCck--Working+On+The+Imaginary+Object-+Sivakorn+Charoenyothin+1+COVER.jpg
Residency,Living Cinematheque Prapasiri Kasemkijkajorn 6,Gallery,https://irp.cdn-website.com/5516674f/dms3rep/multi/Puma_Images+for+Website-Bangkok+Kunsthalle+Images+for+Website-6.+Residency--Living+Cinematheque-+Prapasiri+Kasemkijkajorn+6.jpg
Residency,Spencer Sweeney Living Cinematheque 6 COVER,Feature,https://irp.cdn-website.com/5516674f/dms3rep/multi/Puma_Images+for+Website-Bangkok+Kunsthalle+Images+for+Website-6.+Residency-6.6+Spencer+Sweeney--Living+Cinematheque-+Prapasiri+Kasemkijkajorn+6+COVER.jpg
Residency,Spencer Sweeney Living Cinematheque 5,Gallery,https://irp.cdn-website.com/5516674f/dms3rep/multi/Puma_Images+for+Website-Bangkok+Kunsthalle+Images+for+Website-6.+Residency-6.6+Spencer+Sweeney--Living+Cinematheque-+Prapasiri+Kasemkijkajorn+5.jpg
Residency,Spencer Sweeney Living Cinematheque 6,Gallery,https://irp.cdn-website.com/5516674f/dms3rep/multi/Puma_Images+for+Website-Bangkok+Kunsthalle+Images+for+Website-6.+Residency-6.6+Spencer+Sweeney--Living+Cinematheque-+Prapasiri+Kasemkijkajorn+6.jpg
Residency,Cole Lu The Engineers Kanrapee Chokpaiboon 2,Gallery,https://irp.cdn-website.com/5516674f/dms3rep/multi/Puma_Images+for+Website-Bangkok+Kunsthalle+Images+for+Website-6.+Residency-6.3+Cole+Lu--Cole+Lu-+The+Engineers-+Kanrapee+Chokpaiboon+2.jpg
Residency,Cole Lu The Engineers Kanrapee Chokpaiboon 20,Gallery,https://irp.cdn-website.com/5516674f/dms3rep/multi/Puma_Images+for+Website-Bangkok+Kunsthalle+Images+for+Website-6.+Residency-6.3+Cole+Lu--Cole+Lu-+The+Engineers-+Kanrapee+Chokpaiboon+20.jpg
Residency,Cole Lu The Engineers Kanrapee Chokpaiboon 2 COVER,Feature,https://irp.cdn-website.com/5516674f/dms3rep/multi/Puma_Images+for+Website-Bangkok+Kunsthalle+Images+for+Website-6.+Residency-6.3+Cole+Lu--Cole+Lu-+The+Engineers-+Kanrapee+Chokpaiboon+2+COVER.jpg
Moving Image Program,Infringes Andrea Rossetti 22,Gallery,https://irp.cdn-website.com/5516674f/dms3rep/multi/Puma_Images+for+Website-Bangkok+Kunsthalle+Images+for+Website-4.+Moving+Image+Program-4.1+Infringes--Infringes+-Andrea+Rossetti+22.jpg
Moving Image Program,Infringes Andrea Rossetti 1,Gallery,https://irp.cdn-website.com/5516674f/dms3rep/multi/Puma_Images+for+Website-Bangkok+Kunsthalle+Images+for+Website-4.+Moving+Image+Program-4.1+Infringes--Infringes+-Andrea+Rossetti+1.jpg
Residency,Cole Lu The Engineers Kanrapee Chokpaiboon 19,Gallery,https://irp.cdn-website.com/5516674f/dms3rep/multi/Puma_Images+for+Website-Bangkok+Kunsthalle+Images+for+Website-6.+Residency-6.3+Cole+Lu--Cole+Lu-+The+Engineers-+Kanrapee+Chokpaiboon+19.jpg
Moving Image Program,Infringes Andrea Rossetti 1 COVER,Feature,https://irp.cdn-website.com/5516674f/dms3rep/multi/Puma_Images+for+Website-Bangkok+Kunsthalle+Images+for+Website-4.+Moving+Image+Program-4.1+Infringes--Infringes+-Andrea+Rossetti+1+COVER.jpg
Moving Image Program,Infringes Andrea Rossetti 30,Gallery,https://irp.cdn-website.com/5516674f/dms3rep/multi/Puma_Images+for+Website-Bangkok+Kunsthalle+Images+for+Website-4.+Moving+Image+Program-4.1+Infringes--Infringes+-Andrea+Rossetti+30.jpg
Exhibition,Mend Piece Andrea Rossetti 2,Gallery,https://irp.cdn-website.com/5516674f/dms3rep/multi/Puma_Images+for+Website-Bangkok+Kunsthalle+Images+for+Website-3.+Exhibition-3.3+MEND+PIECE--Mend+Piece-+Andrea+Rossetti+2.jpg
Exhibition,Mend Piece Andrea Rossetti 11,Gallery,https://irp.cdn-website.com/5516674f/dms3rep/multi/Puma_Images+for+Website-Bangkok+Kunsthalle+Images+for+Website-3.+Exhibition-3.3+MEND+PIECE--Mend+Piece-+Andrea+Rossetti+11.jpg
Exhibition,Mend Piece Andrea Rossetti 10,Gallery,https://irp.cdn-website.com/5516674f/dms3rep/multi/Puma_Images+for+Website-Bangkok+Kunsthalle+Images+for+Website-3.+Exhibition-3.3+MEND+PIECE--Mend+Piece-+Andrea+Rossetti+10.jpg
Exhibition,Mend Piece Andrea Rossetti 3,Gallery,https://irp.cdn-website.com/5516674f/dms3rep/multi/Puma_Images+for+Website-Bangkok+Kunsthalle+Images+for+Website-3.+Exhibition-3.3+MEND+PIECE--Mend+Piece-+Andrea+Rossetti+3.jpg
Exhibition,Mend Piece Andrea Rossetti 2 COVER,Feature,https://irp.cdn-website.com/5516674f/dms3rep/multi/Puma_Images+for+Website-Bangkok+Kunsthalle+Images+for+Website-3.+Exhibition-3.3+MEND+PIECE--Mend+Piece-+Andrea+Rossetti+2+COVER.jpg
Exhibition,Like Nouns Slipping Into Verbs Krittawat Atthsis 17,Gallery,https://irp.cdn-website.com/5516674f/dms3rep/multi/Puma_Images+for+Website-Bangkok+Kunsthalle+Images+for+Website-3.+Exhibition-3.4+Like+Nouns+Slipping+Into+Verbs--Like+Nouns+Slipping+Into+Verbs-+Krittawat+Atthsis+17.jpg
Exhibition,Mend Piece Andrea Rossetti 1,Gallery,https://irp.cdn-website.com/5516674f/dms3rep/multi/Puma_Images+for+Website-Bangkok+Kunsthalle+Images+for+Website-3.+Exhibition-3.3+MEND+PIECE--Mend+Piece-+Andrea+Rossetti+1.jpg
Exhibition,Like Nouns Slipping Into Verbs Puttisin Choojesroom 24,Gallery,https://irp.cdn-website.com/5516674f/dms3rep/multi/Puma_Images+for+Website-Bangkok+Kunsthalle+Images+for+Website-3.+Exhibition-3.4+Like+Nouns+Slipping+Into+Verbs--Like+Nouns+Slipping+Into+Verbs-+Puttisin+Choojesroom+24.jpg
Exhibition,Like Nouns Slipping Into Verbs Krittawat Atthsis 32,Gallery,https://irp.cdn-website.com/5516674f/dms3rep/multi/Puma_Images+for+Website-Bangkok+Kunsthalle+Images+for+Website-3.+Exhibition-3.4+Like+Nouns+Slipping+Into+Verbs--Like+Nouns+Slipping+Into+Verbs-+Krittawat+Atthsis+32.jpg
Exhibition,Like Nouns Slipping Into Verbs Puttisin Choojesroom 24 COVER,Feature,https://irp.cdn-website.com/5516674f/dms3rep/multi/Puma_Images+for+Website-Bangkok+Kunsthalle+Images+for+Website-3.+Exhibition-3.4+Like+Nouns+Slipping+Into+Verbs--Like+Nouns+Slipping+Into+Verbs-+Puttisin+Choojesroom+24+COVER.jpg
Exhibition,Like Nouns Slipping Into Verbs Krittawat Atthsis 49,Gallery,https://irp.cdn-website.com/5516674f/dms3rep/multi/Puma_Images+for+Website-Bangkok+Kunsthalle+Images+for+Website-3.+Exhibition-3.4+Like+Nouns+Slipping+Into+Verbs--Like+Nouns+Slipping+Into+Verbs-+Krittawat+Atthsis+49.jpg
Exhibition,Like Nouns Slipping Into Verbs Krittawat Atthsis 43,Gallery,https://irp.cdn-website.com/5516674f/dms3rep/multi/Puma_Images+for+Website-Bangkok+Kunsthalle+Images+for+Website-3.+Exhibition-3.4+Like+Nouns+Slipping+Into+Verbs--Like+Nouns+Slipping+Into+Verbs-+Krittawat+Atthsis+43.jpg
Exhibition,Calligraphic Abstraction Puttisin Choojesroom 2,Gallery,https://irp.cdn-website.com/5516674f/dms3rep/multi/Puma_Images+for+Website-Bangkok+Kunsthalle+Images+for+Website-3.+Exhibition-3.5+Calligraphic+Abstraction--Calligraphic+Abstraction-+Puttisin+Choojesroom+2.jpg
Residency,Unwinding Architecture Bangkok Kunsthalle 7,Gallery,https://irp.cdn-website.com/5516674f/dms3rep/multi/Puma_Images+for+Website-Bangkok+Kunsthalle+Images+for+Website-6.+Residency-6.4+Nicolas+Amato--Unwinding+Architecture-+Bangkok+Kunsthalle+7.jpg
Moving Image Program,Shapeshifting Spaces 1 COVER,Feature,https://irp.cdn-website.com/5516674f/dms3rep/multi/Puma_Images+for+Website-Bangkok+Kunsthalle+Images+for+Website-4.+Moving+Image+Program-4.2+Shapeshifting+Spaces--Moving+Image+Programs-+Puttisin+Choojesroom+1+COVER.jpg
Moving Image Program,Shapeshifting Spaces Puttisin Choojesroom 1,Gallery,https://irp.cdn-website.com/5516674f/dms3rep/multi/Puma_Images+for+Website-Bangkok+Kunsthalle+Images+for+Website-4.+Moving+Image+Program-4.2+Shapeshifting+Spaces--Moving+Image+Programs-+Puttisin+Choojesroom+1.jpg
Moving Image Program,Shapeshifting Spaces Puttisin Choojesroom 5,Gallery,https://irp.cdn-website.com/5516674f/dms3rep/multi/Puma_Images+for+Website-Bangkok+Kunsthalle+Images+for+Website-4.+Moving+Image+Program-4.2+Shapeshifting+Spaces--Moving+Image+Programs-+Puttisin+Choojesroom+5.jpg
Moving Image Program,Shapeshifting Spaces Puttisin Choojesroom 2,Gallery,https://irp.cdn-website.com/5516674f/dms3rep/multi/Puma_Images+for+Website-Bangkok+Kunsthalle+Images+for+Website-4.+Moving+Image+Program-4.2+Shapeshifting+Spaces--Moving+Image+Programs-+Puttisin+Choojesroom+2.jpg
Moving Image Program,Moving Image Programs Puttisin Choojesroom 7,Gallery,https://irp.cdn-website.com/5516674f/dms3rep/multi/Puma_Images+for+Website-Bangkok+Kunsthalle+Images+for+Website-4.+Moving+Image+Program--Moving+Image+Programs-+Puttisin+Choojesroom+7.jpg
Exhibition,Calligraphic Abstraction Puttisin Choojesroom 11,Gallery,https://irp.cdn-website.com/5516674f/dms3rep/multi/Puma_Images+for+Website-Bangkok+Kunsthalle+Images+for+Website-3.+Exhibition-3.5+Calligraphic+Abstraction--Calligraphic+Abstraction-+Puttisin+Choojesroom+11.jpg
Residency,Unwinding Architecture Bangkok Kunsthalle 1 COVER,Feature,https://irp.cdn-website.com/5516674f/dms3rep/multi/Puma_Images+for+Website-Bangkok+Kunsthalle+Images+for+Website-6.+Residency-6.4+Nicolas+Amato--Unwinding+Architecture-+Bangkok+Kunsthalle+1+COVER.jpg
Residency,Unwinding Architecture Bangkok Kunsthalle 1,Gallery,https://irp.cdn-website.com/5516674f/dms3rep/multi/Puma_Images+for+Website-Bangkok+Kunsthalle+Images+for+Website-6.+Residency-6.4+Nicolas+Amato--Unwinding+Architecture-+Bangkok+Kunsthalle+1.jpg
Exhibition,Calligraphic Abstraction Puttisin Choojesroom 30,Gallery,https://irp.cdn-website.com/5516674f/dms3rep/multi/Puma_Images+for+Website-Bangkok+Kunsthalle+Images+for+Website-3.+Exhibition-3.5+Calligraphic+Abstraction--Calligraphic+Abstraction-+Puttisin+Choojesroom+30.jpg
Exhibition,Calligraphic Abstraction Puttisin Choojesroom 11 - Copy,Gallery,https://irp.cdn-website.com/5516674f/dms3rep/multi/Puma_Images+for+Website-Bangkok+Kunsthalle+Images+for+Website-3.+Exhibition-3.5+Calligraphic+Abstraction--Calligraphic+Abstraction-+Puttisin+Choojesroom+11+-+Copy.jpg
Residency,An Artist Led Approach Bangkok Kunsthalle 1,Gallery,https://irp.cdn-website.com/5516674f/dms3rep/multi/Puma_Images+for+Website-Bangkok+Kunsthalle+Images+for+Website-6.+Residency-6.5+Anthony+Huberman--An+Artist+Led+Approach-+Bangkok+Kunsthalle+1.jpg
Residency,An Artist Led Approach Bangkok Kunsthalle 1 COVER,Feature,https://irp.cdn-website.com/5516674f/dms3rep/multi/Puma_Images+for+Website-Bangkok+Kunsthalle+Images+for+Website-6.+Residency-6.5+Anthony+Huberman--An+Artist+Led+Approach-+Bangkok+Kunsthalle+1+COVER.jpg
Residency,An Artist Led Approach Bangkok Kunsthalle 2,Gallery,https://irp.cdn-website.com/5516674f/dms3rep/multi/Puma_Images+for+Website-Bangkok+Kunsthalle+Images+for+Website-6.+Residency-6.5+Anthony+Huberman--An+Artist+Led+Approach-+Bangkok+Kunsthalle+2.jpg
Exhibition,Calligraphic Abstraction Puttisin Choojesroom 35,Gallery,https://irp.cdn-website.com/5516674f/dms3rep/multi/Puma_Images+for+Website-Bangkok+Kunsthalle+Images+for+Website-3.+Exhibition-3.5+Calligraphic+Abstraction--Calligraphic+Abstraction-+Puttisin+Choojesroom+35.jpg
Residency,An Artist Led Approach Bangkok Kunsthalle 4,Gallery,https://irp.cdn-website.com/5516674f/dms3rep/multi/Puma_Images+for+Website-Bangkok+Kunsthalle+Images+for+Website-6.+Residency-6.5+Anthony+Huberman--An+Artist+Led+Approach-+Bangkok+Kunsthalle+4.jpg
Residency,glai glaai Puttisin Choojesroom 6,Gallery,https://irp.cdn-website.com/5516674f/dms3rep/multi/Puma_Images+for+Website-Bangkok+Kunsthalle+Images+for+Website-6.+Residency-6.1+Emma+McCormick+Goodhart--glai+glaai-+Puttisin+Choojesroom+6.jpg
Residency,glai glaai Puttisin Choojesroom 21,Gallery,https://irp.cdn-website.com/5516674f/dms3rep/multi/Puma_Images+for+Website-Bangkok+Kunsthalle+Images+for+Website-6.+Residency-6.1+Emma+McCormick+Goodhart--glai+glaai-+Puttisin+Choojesroom+21.jpg
Residency,glai glaai Puttisin Choojesroom 13,Gallery,https://irp.cdn-website.com/5516674f/dms3rep/multi/Puma_Images+for+Website-Bangkok+Kunsthalle+Images+for+Website-6.+Residency-6.1+Emma+McCormick+Goodhart--glai+glaai-+Puttisin+Choojesroom+13.jpg
Residency,glai glaai Puttisin Choojesroom 11,Gallery,https://irp.cdn-website.com/5516674f/dms3rep/multi/Puma_Images+for+Website-Bangkok+Kunsthalle+Images+for+Website-6.+Residency-6.1+Emma+McCormick+Goodhart--glai+glaai-+Puttisin+Choojesroom+11.jpg
Residency,glai glaai Puttisin Choojesroom 4 COVER,Feature,https://irp.cdn-website.com/5516674f/dms3rep/multi/Puma_Images+for+Website-Bangkok+Kunsthalle+Images+for+Website-6.+Residency-6.1+Emma+McCormick+Goodhart--glai+glaai-+Puttisin+Choojesroom+4+COVER.jpg
Residency,glai glaai Puttisin Choojesroom 4,Gallery,https://irp.cdn-website.com/5516674f/dms3rep/multi/Puma_Images+for+Website-Bangkok+Kunsthalle+Images+for+Website-6.+Residency-6.1+Emma+McCormick+Goodhart--glai+glaai-+Puttisin+Choojesroom+4.jpg
Moving Image Program,we gather 15 COVER,Feature,https://irp.cdn-website.com/5516674f/dms3rep/multi/Puma_Images+for+Website-Bangkok+Kunsthalle+Images+for+Website-4.+Moving+Image+Program-4.3+we+gather--Moving+Image+Programs-+Puttisin+Choojesroom+15+COVER.jpg
Moving Image Program,we gather Puttisin Choojesroom 15,Gallery,https://irp.cdn-website.com/5516674f/dms3rep/multi/Puma_Images+for+Website-Bangkok+Kunsthalle+Images+for+Website-4.+Moving+Image+Program-4.3+we+gather--Moving+Image+Programs-+Puttisin+Choojesroom+15.jpg
Exhibition,Painting as Event Panusorn Lertvananont 23,Gallery,https://irp.cdn-website.com/5516674f/dms3rep/multi/Puma_Images+for+Website-Bangkok+Kunsthalle+Images+for+Website-3.+Exhibition-3.6+Painting+as+Event--Painting+as+Event-+courtesy+of+Panusorn+Lertvananont+23.jpg
Exhibition,Painting as Event Panusorn Lertvananont 17,Gallery,https://irp.cdn-website.com/5516674f/dms3rep/multi/Puma_Images+for+Website-Bangkok+Kunsthalle+Images+for+Website-3.+Exhibition-3.6+Painting+as+Event--Painting+as+Event-+courtesy+of+Panusorn+Lertvananont+17.jpg
Exhibition,Painting as Event courtesy of the artist 4,Gallery,https://irp.cdn-website.com/5516674f/dms3rep/multi/Puma_Images+for+Website-Bangkok+Kunsthalle+Images+for+Website-3.+Exhibition-3.6+Painting+as+Event--Painting+as+Event-+courtesy+of+the+artist+4.jpg
Exhibition,Xie Fan Dining Experience Puttisin 9,Gallery,https://irp.cdn-website.com/5516674f/dms3rep/multi/Puma_Images+for+Website-Bangkok+Kunsthalle+Images+for+Website-3.+Exhibition-3.6+Painting+as+Event--Xie+Fan-+Dining+Experience+Puttisin+9.jpg
Exhibition,Xie Fan Dining Experience Puttisin 9 COVER,Feature,https://irp.cdn-website.com/5516674f/dms3rep/multi/Puma_Images+for+Website-Bangkok+Kunsthalle+Images+for+Website-3.+Exhibition-3.6+Painting+as+Event--Xie+Fan-+Dining+Experience+Puttisin+9+COVER.jpg
Exhibition,Calligraphic Abstraction Puttisin Choojesroom 66,Gallery,https://irp.cdn-website.com/5516674f/dms3rep/multi/Puma_Images+for+Website-Bangkok+Kunsthalle+Images+for+Website-3.+Exhibition-3.5+Calligraphic+Abstraction--Calligraphic+Abstraction-+Puttisin+Choojesroom+66.jpg
Exhibition,Xie Fan Dining Experience Puttisin 17,Gallery,https://irp.cdn-website.com/5516674f/dms3rep/multi/Puma_Images+for+Website-Bangkok+Kunsthalle+Images+for+Website-3.+Exhibition-3.6+Painting+as+Event--Xie+Fan-+Dining+Experience+Puttisin+17.jpg
Exhibition,Poetics of Horizontality Puttisin Choojesroom 42,Gallery,https://irp.cdn-website.com/5516674f/dms3rep/multi/Puma_Images+for+Website-Bangkok+Kunsthalle+Images+for+Website-3.+Exhibition-3.7+Poetics+of+Horizontality--Poetics+of+Horizontality-+Puttisin+Choojesroom+42.jpg
Exhibition,Poetics of Horizontality Puttisin Choojesroom 31,Gallery,https://irp.cdn-website.com/5516674f/dms3rep/multi/Puma_Images+for+Website-Bangkok+Kunsthalle+Images+for+Website-3.+Exhibition-3.7+Poetics+of+Horizontality--Poetics+of+Horizontality-+Puttisin+Choojesroom+31.jpg
Exhibition,Poetics of Horizontality Puttisin Choojesroom 45,Gallery,https://irp.cdn-website.com/5516674f/dms3rep/multi/Puma_Images+for+Website-Bangkok+Kunsthalle+Images+for+Website-3.+Exhibition-3.7+Poetics+of+Horizontality--Poetics+of+Horizontality-+Puttisin+Choojesroom+45.jpg
Exhibition,Poetics of Horizontality Puttisin Choojesroom 44,Gallery,https://irp.cdn-website.com/5516674f/dms3rep/multi/Puma_Images+for+Website-Bangkok+Kunsthalle+Images+for+Website-3.+Exhibition-3.7+Poetics+of+Horizontality--Poetics+of+Horizontality-+Puttisin+Choojesroom+44.jpg
Exhibition,Poetics of Horizontality courtesy of Krittapas Lersvananont 4,Gallery,https://irp.cdn-website.com/5516674f/dms3rep/multi/Puma_Images+for+Website-Bangkok+Kunsthalle+Images+for+Website-3.+Exhibition-3.7+Poetics+of+Horizontality--Poetics+of+Horizontality-+courtesy+of+Krittapas+Lersvananont+4.jpg
Residency,Unwinding Architecture Bangkok Kunsthalle 16,Gallery,https://irp.cdn-website.com/5516674f/dms3rep/multi/Puma_Images+for+Website-Bangkok+Kunsthalle+Images+for+Website-6.+Residency-6.4+Nicolas+Amato--Unwinding+Architecture-+Bangkok+Kunsthalle+16.jpg
Residency,Unwinding Architecture Bangkok Kunsthalle 9,Gallery,https://irp.cdn-website.com/5516674f/dms3rep/multi/Puma_Images+for+Website-Bangkok+Kunsthalle+Images+for+Website-6.+Residency-6.4+Nicolas+Amato--Unwinding+Architecture-+Bangkok+Kunsthalle+9.jpg
Exhibition,Poetics of Horizontality courtesy of Krittapas Lersvananont 4 COVER,Feature,https://irp.cdn-website.com/5516674f/dms3rep/multi/Puma_Images+for+Website-Bangkok+Kunsthalle+Images+for+Website-3.+Exhibition-3.7+Poetics+of+Horizontality--Poetics+of+Horizontality-+courtesy+of+Krittapas+Lersvananont+4+COVER.jpg
Exhibition,This Page is Intentionally Left Puttisin Choojesroom 10,Gallery,https://irp.cdn-website.com/5516674f/dms3rep/multi/Puma_Images+for+Website-Bangkok+Kunsthalle+Images+for+Website-3.+Exhibition-3.8+This+page+is+intentionally+left+_____.--This+Page+is+Intentionally+Left+_____.-+Puttisin+Choojesroom+10.jpg
Exhibition,This Page is Intentionally Left Samatcha Apaisuwan 28,Gallery,https://irp.cdn-website.com/5516674f/dms3rep/multi/Puma_Images+for+Website-Bangkok+Kunsthalle+Images+for+Website-3.+Exhibition-3.8+This+page+is+intentionally+left+_____.--This+Page+is+Intentionally+Left+_____.-+Samatcha+Apaisuwan+28.jpg
Exhibition,This Page is Intentionally Left Samatcha Apaisuwan 15,Gallery,https://irp.cdn-website.com/5516674f/dms3rep/multi/Puma_Images+for+Website-Bangkok+Kunsthalle+Images+for+Website-3.+Exhibition-3.8+This+page+is+intentionally+left+_____.--This+Page+is+Intentionally+Left+_____.-+Samatcha+Apaisuwan+15.jpg
Exhibition,Anusorn Thanyapalit Samatcha Apaisuwan 11 - Copy,Gallery,https://irp.cdn-website.com/5516674f/dms3rep/multi/Puma_Images+for+Website-Bangkok+Kunsthalle+Images+for+Website-3.+Exhibition-3.8+This+page+is+intentionally+left+_____.--Anusorn+Thanyapalit-+Samatcha+Apaisuwan+11+-+Copy.jpg
Exhibition,Anusorn Thanyapalit Samatcha Apaisuwan 21,Gallery,https://irp.cdn-website.com/5516674f/dms3rep/multi/Puma_Images+for+Website-Bangkok+Kunsthalle+Images+for+Website-3.+Exhibition-3.8+This+page+is+intentionally+left+_____.--Anusorn+Thanyapalit-+Samatcha+Apaisuwan+21.jpg
Exhibition,Anusorn Thanyapalit Samatcha Apaisuwan 14,Gallery,https://irp.cdn-website.com/5516674f/dms3rep/multi/Puma_Images+for+Website-Bangkok+Kunsthalle+Images+for+Website-3.+Exhibition-3.8+This+page+is+intentionally+left+_____.--Anusorn+Thanyapalit-+Samatcha+Apaisuwan+14.jpg
Exhibition,Anusorn Thanyapalit Samatcha Apaisuwan 11,Gallery,https://irp.cdn-website.com/5516674f/dms3rep/multi/Puma_Images+for+Website-Bangkok+Kunsthalle+Images+for+Website-3.+Exhibition-3.8+This+page+is+intentionally+left+_____.--Anusorn+Thanyapalit-+Samatcha+Apaisuwan+11.jpg
Residency,From Display to Discourse Bangkok Kunsthalle 4,Gallery,https://irp.cdn-website.com/5516674f/dms3rep/multi/Puma_Images+for+Website-Bangkok+Kunsthalle+Images+for+Website-6.+Residency-6.7+Luca+Lo+Pinto--From+Display+to+Discourse-+Bangkok+Kunsthalle+4.jpg
Exhibition,Nat Setthana Samatcha Apaisuwan 3,Gallery,https://irp.cdn-website.com/5516674f/dms3rep/multi/Puma_Images+for+Website-Bangkok+Kunsthalle+Images+for+Website-3.+Exhibition-3.8+This+page+is+intentionally+left+_____.--Nat+Setthana-+Samatcha+Apaisuwan+3.jpg
Residency,From Display to Discourse Bangkok Kunsthalle 7,Gallery,https://irp.cdn-website.com/5516674f/dms3rep/multi/Puma_Images+for+Website-Bangkok+Kunsthalle+Images+for+Website-6.+Residency-6.7+Luca+Lo+Pinto--From+Display+to+Discourse-+Bangkok+Kunsthalle+7.jpg
Residency,From Display to Discourse Bangkok Kunsthalle 5,Gallery,https://irp.cdn-website.com/5516674f/dms3rep/multi/Puma_Images+for+Website-Bangkok+Kunsthalle+Images+for+Website-6.+Residency-6.7+Luca+Lo+Pinto--From+Display+to+Discourse-+Bangkok+Kunsthalle+5.jpg
Residency,Mafalda von Hessen Sirikanya 9,Gallery,https://irp.cdn-website.com/5516674f/dms3rep/multi/Puma_Images+for+Website-Bangkok+Kunsthalle+Images+for+Website-6.+Residency-6.11+Mafalda+von+Hessen--Mafalda-+Sirikanya+9.jpg
Residency,From Display to Discourse Bangkok Kunsthalle 7 COVER,Feature,https://irp.cdn-website.com/5516674f/dms3rep/multi/Puma_Images+for+Website-Bangkok+Kunsthalle+Images+for+Website-6.+Residency-6.7+Luca+Lo+Pinto--From+Display+to+Discourse-+Bangkok+Kunsthalle+7+COVER.jpg
Exhibition,Mitta del Santi courtesy of Warun Wanapaiboon 1 COVER,Feature,https://irp.cdn-website.com/5516674f/dms3rep/multi/Puma_Images+for+Website-Bangkok+Kunsthalle+Images+for+Website-3.+Exhibition-3.9+Mitta+del+Santi--Mitta+del+Santi-+courtesy+of+Warun+Wanapaiboon+1+COVER.jpg
Exhibition,Mitta del Santi courtesy of Warun Wanapaiboon 8,Gallery,https://irp.cdn-website.com/5516674f/dms3rep/multi/Puma_Images+for+Website-Bangkok+Kunsthalle+Images+for+Website-3.+Exhibition-3.9+Mitta+del+Santi--Mitta+del+Santi-+courtesy+of+Warun+Wanapaiboon+8.jpg
Exhibition,Mitta del Santi courtesy of Warun Wanapaiboon 1,Gallery,https://irp.cdn-website.com/5516674f/dms3rep/multi/Puma_Images+for+Website-Bangkok+Kunsthalle+Images+for+Website-3.+Exhibition-3.9+Mitta+del+Santi--Mitta+del+Santi-+courtesy+of+Warun+Wanapaiboon+1.jpg
Exhibition,Mitta del Santi courtesy of Warun Wanapaiboon 13,Gallery,https://irp.cdn-website.com/5516674f/dms3rep/multi/Puma_Images+for+Website-Bangkok+Kunsthalle+Images+for+Website-3.+Exhibition-3.9+Mitta+del+Santi--Mitta+del+Santi-+courtesy+of+Warun+Wanapaiboon+13.jpg
Exhibition,Mitta del Santi courtesy of Warun Wanapaiboon 9,Gallery,https://irp.cdn-website.com/5516674f/dms3rep/multi/Puma_Images+for+Website-Bangkok+Kunsthalle+Images+for+Website-3.+Exhibition-3.9+Mitta+del+Santi--Mitta+del+Santi-+courtesy+of+Warun+Wanapaiboon+9.jpg
Residency,Eduardo Williams A Very Long Gif 2 COVER,Feature,https://irp.cdn-website.com/5516674f/dms3rep/multi/Puma_Images+for+Website-Bangkok+Kunsthalle+Images+for+Website-6.+Residency-6.8+Eduardo+Williams--A+Very+Long+Gif-+Patsu+Supakajohnwanich+2+COVER.jpg
Exhibition,Mitta del Santi courtesy of Warun Wanapaiboon 3,Gallery,https://irp.cdn-website.com/5516674f/dms3rep/multi/Puma_Images+for+Website-Bangkok+Kunsthalle+Images+for+Website-3.+Exhibition-3.9+Mitta+del+Santi--Mitta+del+Santi-+courtesy+of+Warun+Wanapaiboon+3.jpg
Residency,Living Cinematheque Patsu Supakajohnwanich 11,Gallery,https://irp.cdn-website.com/5516674f/dms3rep/multi/Puma_Images+for+Website-Bangkok+Kunsthalle+Images+for+Website-6.+Residency-6.6+Spencer+Sweeney--Living+Cinematheque-+Patsu+Supakajohnwanich+11.jpg
Residency,Eduardo Williams A Very Long Gif 2,Gallery,https://irp.cdn-website.com/5516674f/dms3rep/multi/Puma_Images+for+Website-Bangkok+Kunsthalle+Images+for+Website-6.+Residency-6.8+Eduardo+Williams--A+Very+Long+Gif-+Patsu+Supakajohnwanich+2.jpg
Exhibition,Vernacular Objects Prapasiri Kasemkijkajorn 6,Gallery,https://irp.cdn-website.com/5516674f/dms3rep/multi/Puma_Images+for+Website-Bangkok+Kunsthalle+Images+for+Website-3.+Exhibition-3.10+Vernacular+Objects--Vernacular+Objects-+Prapasiri+Kasemkijkajorn+6.jpg
Residency,Living Cinematheque Patsu Supakajohnwanich 6,Gallery,https://irp.cdn-website.com/5516674f/dms3rep/multi/Puma_Images+for+Website-Bangkok+Kunsthalle+Images+for+Website-6.+Residency-6.6+Spencer+Sweeney--Living+Cinematheque-+Patsu+Supakajohnwanich+6.jpg
Exhibition,Vernacular Objects Prapasiri Kasemkijkajorn 35,Gallery,https://irp.cdn-website.com/5516674f/dms3rep/multi/Puma_Images+for+Website-Bangkok+Kunsthalle+Images+for+Website-3.+Exhibition-3.10+Vernacular+Objects--Vernacular+Objects-+Prapasiri+Kasemkijkajorn+35.jpg
Exhibition,Vernacular Objects Prapasiri Kasemkijkajorn 17,Gallery,https://irp.cdn-website.com/5516674f/dms3rep/multi/Puma_Images+for+Website-Bangkok+Kunsthalle+Images+for+Website-3.+Exhibition-3.10+Vernacular+Objects--Vernacular+Objects-+Prapasiri+Kasemkijkajorn+17.jpg
Exhibition,Vernacular Objects Prapasiri Kasemkijkajorn 49,Gallery,https://irp.cdn-website.com/5516674f/dms3rep/multi/Puma_Images+for+Website-Bangkok+Kunsthalle+Images+for+Website-3.+Exhibition-3.10+Vernacular+Objects--Vernacular+Objects-+Prapasiri+Kasemkijkajorn+49.jpg
Exhibition,Vernacular Objects Prapasiri Kasemkijkajorn 58,Gallery,https://irp.cdn-website.com/5516674f/dms3rep/multi/Puma_Images+for+Website-Bangkok+Kunsthalle+Images+for+Website-3.+Exhibition-3.10+Vernacular+Objects--Vernacular+Objects-+Prapasiri+Kasemkijkajorn+58.jpg
Exhibition,Vernacular Objects Prapasiri Kasemkijkajorn 58 COVER,Feature,https://irp.cdn-website.com/5516674f/dms3rep/multi/Puma_Images+for+Website-Bangkok+Kunsthalle+Images+for+Website-3.+Exhibition-3.10+Vernacular+Objects--Vernacular+Objects-+Prapasiri+Kasemkijkajorn+58+COVER.jpg
Exhibition,Description Without Place Samatcha Apaisuwan 5,Gallery,https://irp.cdn-website.com/5516674f/dms3rep/multi/Puma_Images+for+Website-Bangkok+Kunsthalle+Images+for+Website-3.+Exhibition-3.11+Description+Without+Place--Description+Without+Place-+Samatcha+Apaisuwan+5.jpg
Residency,Disco Hut Prapasiri Kasemkijkajorn,Gallery,https://irp.cdn-website.com/5516674f/dms3rep/multi/Puma_Images+for+Website-Bangkok+Kunsthalle+Images+for+Website-6.+Residency-6.6+Spencer+Sweeney--Disco+Hut-+Prapasiri+Kasemkijkajorn.jpg
Exhibition,Description Without Place Samatcha Apaisuwan 8,Gallery,https://irp.cdn-website.com/5516674f/dms3rep/multi/Puma_Images+for+Website-Bangkok+Kunsthalle+Images+for+Website-3.+Exhibition-3.11+Description+Without+Place--Description+Without+Place-+Samatcha+Apaisuwan+8.jpg
Exhibition,Description Without Place Samatcha Apaisuwan 40,Gallery,https://irp.cdn-website.com/5516674f/dms3rep/multi/Puma_Images+for+Website-Bangkok+Kunsthalle+Images+for+Website-3.+Exhibition-3.11+Description+Without+Place--Description+Without+Place-+Samatcha+Apaisuwan+40.jpg
Exhibition,Description Without Place Samatcha Apaisuwan 2 - COVER,Feature,https://irp.cdn-website.com/5516674f/dms3rep/multi/Puma_Images+for+Website-Bangkok+Kunsthalle+Images+for+Website-3.+Exhibition-3.11+Description+Without+Place--Description+Without+Place-+Samatcha+Apaisuwan+2+-+COVER.jpg
Exhibition,Description Without Place Samatcha Apaisuwan 2,Gallery,https://irp.cdn-website.com/5516674f/dms3rep/multi/Puma_Images+for+Website-Bangkok+Kunsthalle+Images+for+Website-3.+Exhibition-3.11+Description+Without+Place--Description+Without+Place-+Samatcha+Apaisuwan+2.jpg
Exhibition,Description Without Place Samatcha Apaisuwan 48,Gallery,https://irp.cdn-website.com/5516674f/dms3rep/multi/Puma_Images+for+Website-Bangkok+Kunsthalle+Images+for+Website-3.+Exhibition-3.11+Description+Without+Place--Description+Without+Place-+Samatcha+Apaisuwan+48.jpg
Moving Image Program,Search for Life I Krittawat - Prapasiri 5 COVER,Feature,https://irp.cdn-website.com/5516674f/dms3rep/multi/Puma_Images+for+Website-Bangkok+Kunsthalle+Images+for+Website-4.+Moving+Image+Program-4.5+Search+for+Life+I--Search+for+Life+I-+Krittawat+-+Prapasiri+5+COVER.jpg
Moving Image Program,Search for Life I Krittawat - Prapasiri 5,Gallery,https://irp.cdn-website.com/5516674f/dms3rep/multi/Puma_Images+for+Website-Bangkok+Kunsthalle+Images+for+Website-4.+Moving+Image+Program-4.5+Search+for+Life+I--Search+for+Life+I-+Krittawat+-+Prapasiri+5.jpg
Moving Image Program,Search for Life I Krittawat - Prapasiri 10,Gallery,https://irp.cdn-website.com/5516674f/dms3rep/multi/Puma_Images+for+Website-Bangkok+Kunsthalle+Images+for+Website-4.+Moving+Image+Program-4.5+Search+for+Life+I--Search+for+Life+I-+Krittawat+-+Prapasiri+10.jpg
Moving Image Program,Warm Spell Krittawat - Prapasiri 1,Gallery,https://irp.cdn-website.com/5516674f/dms3rep/multi/Puma_Images+for+Website-Bangkok+Kunsthalle+Images+for+Website-4.+Moving+Image+Program-4.5+Search+for+Life+I--Warm+Spell-+Krittawat+-+Prapasiri+1.jpg
Exhibition,Bangkok portraits-595,Gallery,https://irp.cdn-website.com/5516674f/dms3rep/multi/Puma_Images+for+Website-Bangkok+Kunsthalle+Images+for+Website-3.+Exhibition-3.14+Soul+Searching--%E0%B8%AA%E0%B8%B3%E0%B9%80%E0%B8%99%E0%B8%B2%E0%B8%82%E0%B8%AD%E0%B8%87+Bangkok+portraits-595.jpg
Residency,Bangkok portraits-60,Gallery,https://irp.cdn-website.com/5516674f/dms3rep/multi/Puma_Images+for+Website-Bangkok+Kunsthalle+Images+for+Website-6.+Residency-6.10+Rolf+Sachs--%E0%B8%AA%E0%B8%B3%E0%B9%80%E0%B8%99%E0%B8%B2%E0%B8%82%E0%B8%AD%E0%B8%87+Bangkok+portraits-60.jpg
Exhibition,Bangkok portraits-595 - Copy,Gallery,https://irp.cdn-website.com/5516674f/dms3rep/multi/Puma_Images+for+Website-Bangkok+Kunsthalle+Images+for+Website-3.+Exhibition-3.14+Soul+Searching--%E0%B8%AA%E0%B8%B3%E0%B9%80%E0%B8%99%E0%B8%B2%E0%B8%82%E0%B8%AD%E0%B8%87+Bangkok+portraits-595+-+Copy.jpg
Residency,Rolf Sachs Sirikanya 27,Gallery,https://irp.cdn-website.com/5516674f/dms3rep/multi/Puma_Images+for+Website-Bangkok+Kunsthalle+Images+for+Website-6.+Residency-6.10+Rolf+Sachs--Rolf+Sachs-+Sirikanya+27.jpg
Exhibition,untitled-42,Gallery,https://irp.cdn-website.com/5516674f/dms3rep/multi/Puma_Images+for+Website-Bangkok+Kunsthalle+Images+for+Website-3.+Exhibition-3.14+Soul+Searching--%E0%B8%AA%E0%B8%B3%E0%B9%80%E0%B8%99%E0%B8%B2%E0%B8%82%E0%B8%AD%E0%B8%87+untitled-42.jpg
Residency,Mafalada Ponpavee 20,Gallery,https://irp.cdn-website.com/5516674f/dms3rep/multi/Puma_Images+for+Website-Bangkok+Kunsthalle+Images+for+Website-6.+Residency-6.11+Mafalda+von+Hessen--Mafalada-+Ponpavee+20.jpg
Exhibition,Mafalada Ponpavee 1,Gallery,https://irp.cdn-website.com/5516674f/dms3rep/multi/Puma_Images+for+Website-Bangkok+Kunsthalle+Images+for+Website-3.+Exhibition-3.15+Splendor+in+the+City--Mafalada-+Ponpavee+1.jpg
Residency,DSC00813 COVER,Feature,https://irp.cdn-website.com/5516674f/dms3rep/multi/Puma_Images+for+Website-Bangkok+Kunsthalle+Images+for+Website-6.+Residency-6.10+Rolf+Sachs--DSC00813+COVER.jpg
Exhibition,FOREVER LOVE SOUL ENGINE Uncredt-10,Gallery,https://irp.cdn-website.com/5516674f/dms3rep/multi/Puma_Images+for+Website-Bangkok+Kunsthalle+Images+for+Website-3.+Exhibition-3.12+FOREVER+LOVE+SOUL+ENGINE--FOREVER+LOVE+SOUL+ENGINE-+Uncredt-10.jpg
Residency,DSC00813,Gallery,https://irp.cdn-website.com/5516674f/dms3rep/multi/Puma_Images+for+Website-Bangkok+Kunsthalle+Images+for+Website-6.+Residency-6.10+Rolf+Sachs--DSC00813.jpg
Residency,Rolf Sachs Preecha Pattara 1,Gallery,https://irp.cdn-website.com/5516674f/dms3rep/multi/Puma_Images+for+Website-Bangkok+Kunsthalle+Images+for+Website-6.+Residency-6.10+Rolf+Sachs--Rolf+Sachs-+Preecha+Pattara+1.jpg
Exhibition,Mafalda Krittawat Atthsis 14,Gallery,https://irp.cdn-website.com/5516674f/dms3rep/multi/Puma_Images+for+Website-Bangkok+Kunsthalle+Images+for+Website-3.+Exhibition-3.15+Splendor+in+the+City--Mafalda-+Krittawat+Atthsis+14.jpg
Exhibition,Rolf Sachs Krittawat 22,Gallery,https://irp.cdn-website.com/5516674f/dms3rep/multi/Puma_Images+for+Website-Bangkok+Kunsthalle+Images+for+Website-3.+Exhibition-3.14+Soul+Searching--Rolf+Sachs-+Krittawat+22.jpg
Exhibition,Mafalda Krittawat Atthsis 12,Gallery,https://irp.cdn-website.com/5516674f/dms3rep/multi/Puma_Images+for+Website-Bangkok+Kunsthalle+Images+for+Website-3.+Exhibition-3.15+Splendor+in+the+City--Mafalda-+Krittawat+Atthsis+12.jpg
Residency,Mafalda Preecha Pattara 2,Gallery,https://irp.cdn-website.com/5516674f/dms3rep/multi/Puma_Images+for+Website-Bangkok+Kunsthalle+Images+for+Website-6.+Residency-6.11+Mafalda+von+Hessen--Mafalda-+Preecha+Pattara+2.jpg
Exhibition,Mafalda Preecha Pattara 3 COVER,Feature,https://irp.cdn-website.com/5516674f/dms3rep/multi/Puma_Images+for+Website-Bangkok+Kunsthalle+Images+for+Website-3.+Exhibition-3.15+Splendor+in+the+City--Mafalda-+Preecha+Pattara+3+COVER.jpg
Exhibition,Mafalda Preecha Pattara 3,Gallery,https://irp.cdn-website.com/5516674f/dms3rep/multi/Puma_Images+for+Website-Bangkok+Kunsthalle+Images+for+Website-3.+Exhibition-3.15+Splendor+in+the+City--Mafalda-+Preecha+Pattara+3.jpg
Exhibition,Rolf Sachs Preecha Pattara 9,Gallery,https://irp.cdn-website.com/5516674f/dms3rep/multi/Puma_Images+for+Website-Bangkok+Kunsthalle+Images+for+Website-3.+Exhibition-3.14+Soul+Searching--Rolf+Sachs-+Preecha+Pattara+9.jpg
Residency,Mafalda Preecha Pattara 6,Gallery,https://irp.cdn-website.com/5516674f/dms3rep/multi/Puma_Images+for+Website-Bangkok+Kunsthalle+Images+for+Website-6.+Residency-6.11+Mafalda+von+Hessen--Mafalda-+Preecha+Pattara+6.jpg
Residency,Mafalda Preecha Pattara 6 COVER,Feature,https://irp.cdn-website.com/5516674f/dms3rep/multi/Puma_Images+for+Website-Bangkok+Kunsthalle+Images+for+Website-6.+Residency-6.11+Mafalda+von+Hessen--Mafalda-+Preecha+Pattara+6+COVER.jpg
Exhibition,Rolf Sachs Preecha Pattara 27,Gallery,https://irp.cdn-website.com/5516674f/dms3rep/multi/Puma_Images+for+Website-Bangkok+Kunsthalle+Images+for+Website-3.+Exhibition-3.14+Soul+Searching--Rolf+Sachs-+Preecha+Pattara+27.jpg
Exhibition,Mafalda Preecha Pattara 19,Gallery,https://irp.cdn-website.com/5516674f/dms3rep/multi/Puma_Images+for+Website-Bangkok+Kunsthalle+Images+for+Website-3.+Exhibition-3.15+Splendor+in+the+City--Mafalda-+Preecha+Pattara+19.jpg
Residency,Mafalda Preecha Pattara 17,Gallery,https://irp.cdn-website.com/5516674f/dms3rep/multi/Puma_Images+for+Website-Bangkok+Kunsthalle+Images+for+Website-6.+Residency-6.11+Mafalda+von+Hessen--Mafalda-+Preecha+Pattara+17.jpg
Residency,Rolf Sachs Preecha Pattara 31,Gallery,https://irp.cdn-website.com/5516674f/dms3rep/multi/Puma_Images+for+Website-Bangkok+Kunsthalle+Images+for+Website-6.+Residency-6.10+Rolf+Sachs--Rolf+Sachs-+Preecha+Pattara+31.jpg
Exhibition,FOREVER LOVE SOUL ENGINE Samatcha Apaisuwan 23,Gallery,https://irp.cdn-website.com/5516674f/dms3rep/multi/Puma_Images+for+Website-Bangkok+Kunsthalle+Images+for+Website-3.+Exhibition-3.12+FOREVER+LOVE+SOUL+ENGINE--FOREVER+LOVE+SOUL+ENGINE-+Samatcha+Apaisuwan+23.jpg
Exhibition,FOREVER LOVE SOUL ENGINE Napat Roongrawewan 28,Gallery,https://irp.cdn-website.com/5516674f/dms3rep/multi/Puma_Images+for+Website-Bangkok+Kunsthalle+Images+for+Website-3.+Exhibition-3.12+FOREVER+LOVE+SOUL+ENGINE--FOREVER+LOVE+SOUL+ENGINE-+Napat+Roongrawewan+28.jpg
Exhibition,FOREVER LOVE SOUL ENGINE Samatcha Apaisuwan 29,Gallery,https://irp.cdn-website.com/5516674f/dms3rep/multi/Puma_Images+for+Website-Bangkok+Kunsthalle+Images+for+Website-3.+Exhibition-3.12+FOREVER+LOVE+SOUL+ENGINE--FOREVER+LOVE+SOUL+ENGINE-+Samatcha+Apaisuwan+29.jpg
Exhibition,FOREVER LOVE SOUL ENGINE Samatcha Apaisuwan 29 - Copy,Gallery,https://irp.cdn-website.com/5516674f/dms3rep/multi/Puma_Images+for+Website-Bangkok+Kunsthalle+Images+for+Website-3.+Exhibition-3.12+FOREVER+LOVE+SOUL+ENGINE--FOREVER+LOVE+SOUL+ENGINE-+Samatcha+Apaisuwan+29+-+Copy.jpg
Exhibition,On the tables Ratsiree 2 COVER,Feature,https://irp.cdn-website.com/5516674f/dms3rep/multi/Puma_Images+for+Website-Bangkok+Kunsthalle+Images+for+Website-3.+Exhibition-3.13+Blind+Spots--On+the+tables-+Ratsiree+2+COVER.jpg
Exhibition,Blind Spots Ratsiree 1,Gallery,https://irp.cdn-website.com/5516674f/dms3rep/multi/Puma_Images+for+Website-Bangkok+Kunsthalle+Images+for+Website-3.+Exhibition-3.13+Blind+Spots--Blind+Spots-+Ratsiree+1.jpg
Exhibition,Another Two Ratsiree 2,Gallery,https://irp.cdn-website.com/5516674f/dms3rep/multi/Puma_Images+for+Website-Bangkok+Kunsthalle+Images+for+Website-3.+Exhibition-3.13+Blind+Spots--Another+Two-+Ratsiree+2.jpg
Exhibition,On the tables Ratsiree 2,Gallery,https://irp.cdn-website.com/5516674f/dms3rep/multi/Puma_Images+for+Website-Bangkok+Kunsthalle+Images+for+Website-3.+Exhibition-3.13+Blind+Spots--On+the+tables-+Ratsiree+2.jpg
Exhibition,By the river Ratsiree 2,Gallery,https://irp.cdn-website.com/5516674f/dms3rep/multi/Puma_Images+for+Website-Bangkok+Kunsthalle+Images+for+Website-3.+Exhibition-3.13+Blind+Spots--By+the+river-+Ratsiree+2.jpg
Moving Image Program,Inviting You to Die With Me Prapasiri 3 COVER,Feature,https://irp.cdn-website.com/5516674f/dms3rep/multi/Puma_Images+for+Website-Bangkok+Kunsthalle+Images+for+Website-4.+Moving+Image+Program-4.6+Inviting+You+to+Die+With+Me--Inviting+You+to+Die+With+Me-+Prapasiri+3+COVER.jpg
Moving Image Program,Inviting You to Die With Me Prapasiri 3,Gallery,https://irp.cdn-website.com/5516674f/dms3rep/multi/Puma_Images+for+Website-Bangkok+Kunsthalle+Images+for+Website-4.+Moving+Image+Program-4.6+Inviting+You+to+Die+With+Me--Inviting+You+to+Die+With+Me-+Prapasiri+3.jpg
Exhibition,Silence eyes Ratsiree 1,Gallery,https://irp.cdn-website.com/5516674f/dms3rep/multi/Puma_Images+for+Website-Bangkok+Kunsthalle+Images+for+Website-3.+Exhibition-3.13+Blind+Spots--Silence+eyes-+Ratsiree+1.jpg
Moving Image Program,Inviting You to Die With Me Prapasiri 7,Gallery,https://irp.cdn-website.com/5516674f/dms3rep/multi/Puma_Images+for+Website-Bangkok+Kunsthalle+Images+for+Website-4.+Moving+Image+Program-4.6+Inviting+You+to+Die+With+Me--Inviting+You+to+Die+With+Me-+Prapasiri+7.jpg
Exhibition,A Bit Fountain and a Bit Not 3,Gallery,https://irp.cdn-website.com/5516674f/dms3rep/multi/Puma_Images+for+Website-Bangkok+Kunsthalle+Images+for+Website-3.+Exhibition-3.16+A+Bit+Fountain+and+a+Bit+Not--A+Bit+Fountain+and+a+Bit+Not+3.jpg
Exhibition,FOREVER LOVE SOUL ENGINE Napat Roongrawewan 29,Gallery,https://irp.cdn-website.com/5516674f/dms3rep/multi/Puma_Images+for+Website-Bangkok+Kunsthalle+Images+for+Website-3.+Exhibition-3.12+FOREVER+LOVE+SOUL+ENGINE--FOREVER+LOVE+SOUL+ENGINE-+Napat+Roongrawewan+29.jpg
Exhibition,A Bit Fountain and a Bit Not 1,Gallery,https://irp.cdn-website.com/5516674f/dms3rep/multi/Puma_Images+for+Website-Bangkok+Kunsthalle+Images+for+Website-3.+Exhibition-3.16+A+Bit+Fountain+and+a+Bit+Not--A+Bit+Fountain+and+a+Bit+Not+1.jpg
Exhibition,A Bit Fountain and a Bit Not 1 COVER,Feature,https://irp.cdn-website.com/5516674f/dms3rep/multi/Puma_Images+for+Website-Bangkok+Kunsthalle+Images+for+Website-3.+Exhibition-3.16+A+Bit+Fountain+and+a+Bit+Not--A+Bit+Fountain+and+a+Bit+Not+1+COVER.jpg
Exhibition,A Bit Fountain and a Bit Not 2,Gallery,https://irp.cdn-website.com/5516674f/dms3rep/multi/Puma_Images+for+Website-Bangkok+Kunsthalle+Images+for+Website-3.+Exhibition-3.16+A+Bit+Fountain+and+a+Bit+Not--A+Bit+Fountain+and+a+Bit+Not+2.jpg
Exhibition,nostalgia for unity Samatcha Apaisuwan 1 COVER,Feature,https://irp.cdn-website.com/5516674f/dms3rep/multi/Puma_Images+for+Website-Bangkok+Kunsthalle+Images+for+Website-3.+Exhibition-3.2+nostalgia+for+unity--nostalgia+for+unity-+Samatcha+Apaisuwan+1+COVER.jpg
Moving Image Program,Rhea Storr A Protest A Celebration A Mixed Message 2018 12minutes,Gallery,https://irp.cdn-website.com/5516674f/dms3rep/multi/Puma_Images+for+Website-Bangkok+Kunsthalle+Images+for+Website-4.+Moving+Image+Program-4.1+Infringes--Rhea+Storr-+A+Protest-+A+Celebration-+A+Mixed+Message-+2018-+12minutes-+courtesy+of+the+artist+and+LUX+London.jpg
Moving Image Program,Riar Rizaldi Notes from Gog Magog 2022 20 minutes,Gallery,https://irp.cdn-website.com/5516674f/dms3rep/multi/Puma_Images+for+Website-Bangkok+Kunsthalle+Images+for+Website-4.+Moving+Image+Program-4.1+Infringes--Riar+Rizaldi-+Notes+from+Gog+Magog-+2022-+20+minutes-+courtesy+of+the+artist.jpg
Moving Image Program,Lawrence Lek Black Cloud courtesy of the artist 10,Gallery,https://irp.cdn-website.com/5516674f/dms3rep/multi/Puma_Images+for+Website-Bangkok+Kunsthalle+Images+for+Website-4.+Moving+Image+Program-4.2+Shapeshifting+Spaces--Lawrence+Lek-+Black+Cloud-+courtesy+of+the+artist+10.jpg
Moving Image Program,Surapong Pinijkhar Sampeng 1,Gallery,https://irp.cdn-website.com/5516674f/dms3rep/multi/Puma_Images+for+Website-Bangkok+Kunsthalle+Images+for+Website-4.+Moving+Image+Program-4.2+Shapeshifting+Spaces--Surapong+Pinijkhar-+Sampeng+1.jpg
Moving Image Program,Isaac Wai Rehearsal of the Futures Police Training 2,Gallery,https://irp.cdn-website.com/5516674f/dms3rep/multi/Puma_Images+for+Website-Bangkok+Kunsthalle+Images+for+Website-4.+Moving+Image+Program-4.3+we+gather--Isaac+Wai-+Rehearsal+of+the+Futures+Police+Training+2.jpg
Moving Image Program,Saodat Ismailova Chillpiq 1,Gallery,https://irp.cdn-website.com/5516674f/dms3rep/multi/Puma_Images+for+Website-Bangkok+Kunsthalle+Images+for+Website-4.+Moving+Image+Program-4.3+we+gather--Saodat+Ismailova-+Chillpiq+1.jpg
Moving Image Program,AFSAR-DAVRA Proxy Conference In Forest 11,Gallery,https://irp.cdn-website.com/5516674f/dms3rep/multi/Puma_Images+for+Website-Bangkok+Kunsthalle+Images+for+Website-4.+Moving+Image+Program-4.3+we+gather--AFSAR-DAVRA-+Proxy+Conference+In+Forest+11.jpg
Moving Image Program,Andrew Norman Wilson Silvesterchlausen 1,Gallery,https://irp.cdn-website.com/5516674f/dms3rep/multi/Puma_Images+for+Website-Bangkok+Kunsthalle+Images+for+Website-4.+Moving+Image+Program-4.3+we+gather--Andrew+Norman+Wilson-+Silvesterchl%C3%A4usen+1.jpg
Moving Image Program,Tang Han Ginkgo and Other Times 3,Gallery,https://irp.cdn-website.com/5516674f/dms3rep/multi/Puma_Images+for+Website-Bangkok+Kunsthalle+Images+for+Website-4.+Moving+Image+Program-4.4+seeds--Tang+Han-+Ginkgo+and+Other+Times+3.jpg
Moving Image Program,Tang Han Ginkgo and Other Times 6,Gallery,https://irp.cdn-website.com/5516674f/dms3rep/multi/Puma_Images+for+Website-Bangkok+Kunsthalle+Images+for+Website-4.+Moving+Image+Program-4.4+seeds--Tang+Han-+Ginkgo+and+Other+Times+6.jpg
Moving Image Program,Mooni Perry Binlang Xishi 3,Gallery,https://irp.cdn-website.com/5516674f/dms3rep/multi/Puma_Images+for+Website-Bangkok+Kunsthalle+Images+for+Website-4.+Moving+Image+Program-4.4+seeds--Mooni+Perry-+Binlang+Xishi+3.jpg
Moving Image Program,Tang Han Ginkgo and Other Times 1,Gallery,https://irp.cdn-website.com/5516674f/dms3rep/multi/Puma_Images+for+Website-Bangkok+Kunsthalle+Images+for+Website-4.+Moving+Image+Program-4.4+seeds--Tang+Han-+Ginkgo+and+Other+Times+1.jpg
Moving Image Program,Mooni Perry Binlang Xishi 2,Gallery,https://irp.cdn-website.com/5516674f/dms3rep/multi/Puma_Images+for+Website-Bangkok+Kunsthalle+Images+for+Website-4.+Moving+Image+Program-4.4+seeds--Mooni+Perry-+Binlang+Xishi+2.jpg
Moving Image Program,Tang Han Ginkgo and Other Times 3 COVER,Feature,https://irp.cdn-website.com/5516674f/dms3rep/multi/Puma_Images+for+Website-Bangkok+Kunsthalle+Images+for+Website-4.+Moving+Image+Program-4.4+seeds--Tang+Han-+Ginkgo+and+Other+Times+3+COVER.jpg
Moving Image Program,Search for Life I 2,Gallery,https://irp.cdn-website.com/5516674f/dms3rep/multi/Puma_Images+for+Website-Bangkok+Kunsthalle+Images+for+Website-4.+Moving+Image+Program-4.5+Search+for+Life+I--Search+for+Life+I+2.jpg
Moving Image Program,Search for Life I 1,Gallery,https://irp.cdn-website.com/5516674f/dms3rep/multi/Puma_Images+for+Website-Bangkok+Kunsthalle+Images+for+Website-4.+Moving+Image+Program-4.5+Search+for+Life+I--Search+for+Life+I+1.jpg
Moving Image Program,Blinded by Centuries 1,Gallery,https://irp.cdn-website.com/5516674f/dms3rep/multi/Puma_Images+for+Website-Bangkok+Kunsthalle+Images+for+Website-4.+Moving+Image+Program-4.6+Inviting+You+to+Die+With+Me--Blinded+by+Centuries+1.jpg
Moving Image Program,Blinded by Centuries 2,Gallery,https://irp.cdn-website.com/5516674f/dms3rep/multi/Puma_Images+for+Website-Bangkok+Kunsthalle+Images+for+Website-4.+Moving+Image+Program-4.6+Inviting+You+to+Die+With+Me--Blinded+by+Centuries+2.jpg
Moving Image Program,12 Kalpas A Beginning of Beginning 4,Gallery,https://irp.cdn-website.com/5516674f/dms3rep/multi/Puma_Images+for+Website-Bangkok+Kunsthalle+Images+for+Website-4.+Moving+Image+Program-4.6+Inviting+You+to+Die+With+Me--12+Kalpas+A+Beginning+of+Beginning+4.jpg
Residency,The Engineers Krittawat Atthsis and Puttisin Choojesroom 2,Gallery,https://irp.cdn-website.com/5516674f/dms3rep/multi/Puma_Images+for+Website-Bangkok+Kunsthalle+Images+for+Website-6.+Residency-6.3+Cole+Lu--The+Engineers-+Krittawat+Atthsis+and+Puttisin+Choojesroom+2.jpg
Residency,Teddy workshop Krittawat Atthsis 16,Gallery,https://irp.cdn-website.com/5516674f/dms3rep/multi/Puma_Images+for+Website-Bangkok+Kunsthalle+Images+for+Website-6.+Residency-6.8+Eduardo+Williams--Teddy+workshop-+Krittawat+Atthsis+16.jpg
Residency,The Engineers Krittawat Atthsis and Puttisin Choojesroom 3,Gallery,https://irp.cdn-website.com/5516674f/dms3rep/multi/Puma_Images+for+Website-Bangkok+Kunsthalle+Images+for+Website-6.+Residency-6.3+Cole+Lu--The+Engineers-+Krittawat+Atthsis+and+Puttisin+Choojesroom+3.jpg
Residency,Teddy workshop Krittawat Atthsis 3,Gallery,https://irp.cdn-website.com/5516674f/dms3rep/multi/Puma_Images+for+Website-Bangkok+Kunsthalle+Images+for+Website-6.+Residency-6.8+Eduardo+Williams--Teddy+workshop-+Krittawat+Atthsis+3.jpg
Residency,Teddy workshop Krittawat Atthsis 10,Gallery,https://irp.cdn-website.com/5516674f/dms3rep/multi/Puma_Images+for+Website-Bangkok+Kunsthalle+Images+for+Website-6.+Residency-6.8+Eduardo+Williams--Teddy+workshop-+Krittawat+Atthsis+10.jpg
Residency,Apichaya Wannakit WhatsApp 2025-12-24 at 15.01.33,Gallery,https://irp.cdn-website.com/5516674f/dms3rep/multi/Puma_Images+for+Website-Bangkok+Kunsthalle+Images+for+Website-6.+Residency-6.9+Apichaya+Wannakit--WhatsApp+Image+2025-12-24+at+15.01.33.jpeg
Residency,Apichaya Wannakit WhatsApp 2025-12-24 at 15.09.40,Gallery,https://irp.cdn-website.com/5516674f/dms3rep/multi/Puma_Images+for+Website-Bangkok+Kunsthalle+Images+for+Website-6.+Residency-6.9+Apichaya+Wannakit--WhatsApp+Image+2025-12-24+at+15.09.40.jpeg
Residency,Parsi14 copy,Gallery,https://irp.cdn-website.com/5516674f/dms3rep/multi/Puma_Images+for+Website-Bangkok+Kunsthalle+Images+for+Website-6.+Residency-6.8+Eduardo+Williams--Parsi14+copy.jpg
Residency,Apichaya Wannakit WhatsApp 2025-12-24 at 15.01.32,Gallery,https://irp.cdn-website.com/5516674f/dms3rep/multi/Puma_Images+for+Website-Bangkok+Kunsthalle+Images+for+Website-6.+Residency-6.9+Apichaya+Wannakit--WhatsApp+Image+2025-12-24+at+15.01.32+%281%29.jpeg
Residency,Apichaya Wannakit Legacy between absence and eternity 4 COVER,Feature,https://irp.cdn-website.com/5516674f/dms3rep/multi/Puma_Images+for+Website-Bangkok+Kunsthalle+Images+for+Website-6.+Residency-6.9+Apichaya+Wannakit--Apichaya+Wannakit-+Legacy+between+absence+and+eternity+4+COVER.jpg
Residency,Apichaya Wannakit Legacy between absence and eternity 4,Gallery,https://irp.cdn-website.com/5516674f/dms3rep/multi/Puma_Images+for+Website-Bangkok+Kunsthalle+Images+for+Website-6.+Residency-6.9+Apichaya+Wannakit--Apichaya+Wannakit-+Legacy+between+absence+and+eternity+4.jpg
Residency,Natalie Bruck Sivakorn Charoenyothin 5 (1),Gallery,https://irp.cdn-website.com/5516674f/dms3rep/multi/Puma_Images+for+Website-Bangkok+Kunsthalle+Images+for+Website-6.+Residency-6.2+Natalie+Br%C3%BCck--Working+On+The+Imaginary+Object-+Sivakorn+Charoenyothin+5+%281%29.jpg
Residency,Natalie Bruck Sivakorn Charoenyothin 3 (1),Gallery,https://irp.cdn-website.com/5516674f/dms3rep/multi/Puma_Images+for+Website-Bangkok+Kunsthalle+Images+for+Website-6.+Residency-6.2+Natalie+Br%C3%BCck--Working+On+The+Imaginary+Object-+Sivakorn+Charoenyothin+3+%281%29.jpg
Residency,Natalie Bruck Sivakorn Charoenyothin 2 (1),Gallery,https://irp.cdn-website.com/5516674f/dms3rep/multi/Puma_Images+for+Website-Bangkok+Kunsthalle+Images+for+Website-6.+Residency-6.2+Natalie+Br%C3%BCck--Working+On+The+Imaginary+Object-+Sivakorn+Charoenyothin+2+%281%29.jpg
Residency,Natalie Bruck Sivakorn Charoenyothin 1 COVER (1),Feature,https://irp.cdn-website.com/5516674f/dms3rep/multi/Puma_Images+for+Website-Bangkok+Kunsthalle+Images+for+Website-6.+Residency-6.2+Natalie+Br%C3%BCck--Working+On+The+Imaginary+Object-+Sivakorn+Charoenyothin+1+COVER+%281%29.jpg
Residency,Natalie Bruck Sivakorn Charoenyothin 1 (1),Gallery,https://irp.cdn-website.com/5516674f/dms3rep/multi/Puma_Images+for+Website-Bangkok+Kunsthalle+Images+for+Website-6.+Residency-6.2+Natalie+Br%C3%BCck--Working+On+The+Imaginary+Object-+Sivakorn+Charoenyothin+1+%281%29.jpg
Residency,Natalie Bruck Sivakorn Charoenyothin 6 (1),Gallery,https://irp.cdn-website.com/5516674f/dms3rep/multi/Puma_Images+for+Website-Bangkok+Kunsthalle+Images+for+Website-6.+Residency-6.2+Natalie+Br%C3%BCck--Working+On+The+Imaginary+Object-+Sivakorn+Charoenyothin+6+%281%29.jpg
Residency,Cole Lu The Engineers Kanrapee Chokpaiboon 20 (1),Gallery,https://irp.cdn-website.com/5516674f/dms3rep/multi/Puma_Images+for+Website-Bangkok+Kunsthalle+Images+for+Website-6.+Residency-6.3+Cole+Lu--Cole+Lu-+The+Engineers-+Kanrapee+Chokpaiboon+20+%281%29.jpg
Residency,Cole Lu The Engineers Kanrapee Chokpaiboon 2 COVER (1),Feature,https://irp.cdn-website.com/5516674f/dms3rep/multi/Puma_Images+for+Website-Bangkok+Kunsthalle+Images+for+Website-6.+Residency-6.3+Cole+Lu--Cole+Lu-+The+Engineers-+Kanrapee+Chokpaiboon+2+COVER+%281%29.jpg
Residency,Cole Lu The Engineers Kanrapee Chokpaiboon 2 (1),Gallery,https://irp.cdn-website.com/5516674f/dms3rep/multi/Puma_Images+for+Website-Bangkok+Kunsthalle+Images+for+Website-6.+Residency-6.3+Cole+Lu--Cole+Lu-+The+Engineers-+Kanrapee+Chokpaiboon+2+%281%29.jpg
Residency,Nicolas Amato Unwinding Architecture Bangkok Kunsthalle 1 COVER (1),Feature,https://irp.cdn-website.com/5516674f/dms3rep/multi/Puma_Images+for+Website-Bangkok+Kunsthalle+Images+for+Website-6.+Residency-6.4+Nicolas+Amato--Unwinding+Architecture-+Bangkok+Kunsthalle+1+COVER+%281%29.jpg
Residency,Nicolas Amato Unwinding Architecture Bangkok Kunsthalle 7 (1),Gallery,https://irp.cdn-website.com/5516674f/dms3rep/multi/Puma_Images+for+Website-Bangkok+Kunsthalle+Images+for+Website-6.+Residency-6.4+Nicolas+Amato--Unwinding+Architecture-+Bangkok+Kunsthalle+7+%281%29.jpg
Residency,Cole Lu The Engineers Kanrapee Chokpaiboon 19 (1),Gallery,https://irp.cdn-website.com/5516674f/dms3rep/multi/Puma_Images+for+Website-Bangkok+Kunsthalle+Images+for+Website-6.+Residency-6.3+Cole+Lu--Cole+Lu-+The+Engineers-+Kanrapee+Chokpaiboon+19+%281%29.jpg
Residency,Emma McCormick Goodhart glai glaai Puttisin Choojesroom 21 (1),Gallery,https://irp.cdn-website.com/5516674f/dms3rep/multi/Puma_Images+for+Website-Bangkok+Kunsthalle+Images+for+Website-6.+Residency-6.1+Emma+McCormick+Goodhart--glai+glaai-+Puttisin+Choojesroom+21+%281%29.jpg
Residency,Anthony Huberman An Artist Led Approach Bangkok Kunsthalle 2 (1),Gallery,https://irp.cdn-website.com/5516674f/dms3rep/multi/Puma_Images+for+Website-Bangkok+Kunsthalle+Images+for+Website-6.+Residency-6.5+Anthony+Huberman--An+Artist+Led+Approach-+Bangkok+Kunsthalle+2+%281%29.jpg
Residency,Nicolas Amato Unwinding Architecture Bangkok Kunsthalle 1 (1),Gallery,https://irp.cdn-website.com/5516674f/dms3rep/multi/Puma_Images+for+Website-Bangkok+Kunsthalle+Images+for+Website-6.+Residency-6.4+Nicolas+Amato--Unwinding+Architecture-+Bangkok+Kunsthalle+1+%281%29.jpg
Residency,Emma McCormick Goodhart glai glaai Puttisin Choojesroom 4 COVER (1),Feature,https://irp.cdn-website.com/5516674f/dms3rep/multi/Puma_Images+for+Website-Bangkok+Kunsthalle+Images+for+Website-6.+Residency-6.1+Emma+McCormick+Goodhart--glai+glaai-+Puttisin+Choojesroom+4+COVER+%281%29.jpg
Residency,Emma McCormick Goodhart glai glaai Puttisin Choojesroom 4 (1),Gallery,https://irp.cdn-website.com/5516674f/dms3rep/multi/Puma_Images+for+Website-Bangkok+Kunsthalle+Images+for+Website-6.+Residency-6.1+Emma+McCormick+Goodhart--glai+glaai-+Puttisin+Choojesroom+4+%281%29.jpg
Residency,Emma McCormick Goodhart glai glaai Puttisin Choojesroom 11 (1),Gallery,https://irp.cdn-website.com/5516674f/dms3rep/multi/Puma_Images+for+Website-Bangkok+Kunsthalle+Images+for+Website-6.+Residency-6.1+Emma+McCormick+Goodhart--glai+glaai-+Puttisin+Choojesroom+11+%281%29.jpg
Residency,Luca Lo Pinto From Display to Discourse Bangkok Kunsthalle 4 (1),Gallery,https://irp.cdn-website.com/5516674f/dms3rep/multi/Puma_Images+for+Website-Bangkok+Kunsthalle+Images+for+Website-6.+Residency-6.7+Luca+Lo+Pinto--From+Display+to+Discourse-+Bangkok+Kunsthalle+4+%281%29.jpg
Residency,Nicolas Amato Unwinding Architecture Bangkok Kunsthalle 16 (1),Gallery,https://irp.cdn-website.com/5516674f/dms3rep/multi/Puma_Images+for+Website-Bangkok+Kunsthalle+Images+for+Website-6.+Residency-6.4+Nicolas+Amato--Unwinding+Architecture-+Bangkok+Kunsthalle+16+%281%29.jpg
Residency,Nicolas Amato Unwinding Architecture Bangkok Kunsthalle 9 (1),Gallery,https://irp.cdn-website.com/5516674f/dms3rep/multi/Puma_Images+for+Website-Bangkok+Kunsthalle+Images+for+Website-6.+Residency-6.4+Nicolas+Amato--Unwinding+Architecture-+Bangkok+Kunsthalle+9+%281%29.jpg
Residency,Eduardo Williams A Very Long Gif Patsu Supakajohnwanich 2 (1),Gallery,https://irp.cdn-website.com/5516674f/dms3rep/multi/Puma_Images+for+Website-Bangkok+Kunsthalle+Images+for+Website-6.+Residency-6.8+Eduardo+Williams--A+Very+Long+Gif-+Patsu+Supakajohnwanich+2+%281%29.jpg
Residency,Mafalda von Hessen Sirikanya 9 (1),Gallery,https://irp.cdn-website.com/5516674f/dms3rep/multi/Puma_Images+for+Website-Bangkok+Kunsthalle+Images+for+Website-6.+Residency-6.11+Mafalda+von+Hessen--Mafalda-+Sirikanya+9+%281%29.jpg
Residency,Luca Lo Pinto From Display to Discourse Bangkok Kunsthalle 7 COVER (1),Feature,https://irp.cdn-website.com/5516674f/dms3rep/multi/Puma_Images+for+Website-Bangkok+Kunsthalle+Images+for+Website-6.+Residency-6.7+Luca+Lo+Pinto--From+Display+to+Discourse-+Bangkok+Kunsthalle+7+COVER+%281%29.jpg
Residency,Luca Lo Pinto From Display to Discourse Bangkok Kunsthalle 7 (1),Gallery,https://irp.cdn-website.com/5516674f/dms3rep/multi/Puma_Images+for+Website-Bangkok+Kunsthalle+Images+for+Website-6.+Residency-6.7+Luca+Lo+Pinto--From+Display+to+Discourse-+Bangkok+Kunsthalle+7+%281%29.jpg
Residency,Spencer Sweeney Living Cinematheque Patsu Supakajohnwanich 6 (1),Gallery,https://irp.cdn-website.com/5516674f/dms3rep/multi/Puma_Images+for+Website-Bangkok+Kunsthalle+Images+for+Website-6.+Residency-6.6+Spencer+Sweeney--Living+Cinematheque-+Patsu+Supakajohnwanich+6+%281%29.jpg
Residency,Spencer Sweeney Living Cinematheque Patsu Supakajohnwanich 11 (1),Gallery,https://irp.cdn-website.com/5516674f/dms3rep/multi/Puma_Images+for+Website-Bangkok+Kunsthalle+Images+for+Website-6.+Residency-6.6+Spencer+Sweeney--Living+Cinematheque-+Patsu+Supakajohnwanich+11+%281%29.jpg
Residency,Eduardo Williams A Very Long Gif Patsu Supakajohnwanich 2 COVER (1),Feature,https://irp.cdn-website.com/5516674f/dms3rep/multi/Puma_Images+for+Website-Bangkok+Kunsthalle+Images+for+Website-6.+Residency-6.8+Eduardo+Williams--A+Very+Long+Gif-+Patsu+Supakajohnwanich+2+COVER+%281%29.jpg
Residency,Mafalda von Hessen Ponpavee 20 (1),Gallery,https://irp.cdn-website.com/5516674f/dms3rep/multi/Puma_Images+for+Website-Bangkok+Kunsthalle+Images+for+Website-6.+Residency-6.11+Mafalda+von+Hessen--Mafalada-+Ponpavee+20+%281%29.jpg
Residency,Rolf Sachs Sirikanya 27 (1),Gallery,https://irp.cdn-website.com/5516674f/dms3rep/multi/Puma_Images+for+Website-Bangkok+Kunsthalle+Images+for+Website-6.+Residency-6.10+Rolf+Sachs--Rolf+Sachs-+Sirikanya+27+%281%29.jpg
Residency,Rolf Sachs Bangkok portraits-60 (1),Gallery,https://irp.cdn-website.com/5516674f/dms3rep/multi/Puma_Images+for+Website-Bangkok+Kunsthalle+Images+for+Website-6.+Residency-6.10+Rolf+Sachs--%E0%B8%AA%E0%B8%B3%E0%B9%80%E0%B8%99%E0%B8%B2%E0%B8%82%E0%B8%AD%E0%B8%87+Bangkok+portraits-60+%281%29.jpg
Residency,DSC00813 COVER (1),Feature,https://irp.cdn-website.com/5516674f/dms3rep/multi/Puma_Images+for+Website-Bangkok+Kunsthalle+Images+for+Website-6.+Residency-6.10+Rolf+Sachs--DSC00813+COVER+%281%29.jpg
Residency,DSC00813 (1),Gallery,https://irp.cdn-website.com/5516674f/dms3rep/multi/Puma_Images+for+Website-Bangkok+Kunsthalle+Images+for+Website-6.+Residency-6.10+Rolf+Sachs--DSC00813+%281%29.jpg
Residency,Mafalda von Hessen Preecha Pattara 6 COVER (1),Feature,https://irp.cdn-website.com/5516674f/dms3rep/multi/Puma_Images+for+Website-Bangkok+Kunsthalle+Images+for+Website-6.+Residency-6.11+Mafalda+von+Hessen--Mafalda-+Preecha+Pattara+6+COVER+%281%29.jpg
Residency,Mafalda von Hessen Preecha Pattara 2 (1),Gallery,https://irp.cdn-website.com/5516674f/dms3rep/multi/Puma_Images+for+Website-Bangkok+Kunsthalle+Images+for+Website-6.+Residency-6.11+Mafalda+von+Hessen--Mafalda-+Preecha+Pattara+2+%281%29.jpg
Residency,Rolf Sachs Preecha Pattara 1 (1),Gallery,https://irp.cdn-website.com/5516674f/dms3rep/multi/Puma_Images+for+Website-Bangkok+Kunsthalle+Images+for+Website-6.+Residency-6.10+Rolf+Sachs--Rolf+Sachs-+Preecha+Pattara+1+%281%29.jpg
Residency,Rolf Sachs Preecha Pattara 31 (1),Gallery,https://irp.cdn-website.com/5516674f/dms3rep/multi/Puma_Images+for+Website-Bangkok+Kunsthalle+Images+for+Website-6.+Residency-6.10+Rolf+Sachs--Rolf+Sachs-+Preecha+Pattara+31+%281%29.jpg
Residency,Mafalda von Hessen Preecha Pattara 6 (1),Gallery,https://irp.cdn-website.com/5516674f/dms3rep/multi/Puma_Images+for+Website-Bangkok+Kunsthalle+Images+for+Website-6.+Residency-6.11+Mafalda+von+Hessen--Mafalda-+Preecha+Pattara+6+%281%29.jpg
Residency,The Engineers Krittawat Atthsis and Puttisin Choojesroom 3 (1),Gallery,https://irp.cdn-website.com/5516674f/dms3rep/multi/Puma_Images+for+Website-Bangkok+Kunsthalle+Images+for+Website-6.+Residency-6.3+Cole+Lu--The+Engineers-+Krittawat+Atthsis+and+Puttisin+Choojesroom+3+%281%29.jpg
Residency,The Engineers Krittawat Atthsis and Puttisin Choojesroom 2 (1),Gallery,https://irp.cdn-website.com/5516674f/dms3rep/multi/Puma_Images+for+Website-Bangkok+Kunsthalle+Images+for+Website-6.+Residency-6.3+Cole+Lu--The+Engineers-+Krittawat+Atthsis+and+Puttisin+Choojesroom+2+%281%29.jpg
Residency,Mafalda von Hessen Preecha Pattara 17 (1),Gallery,https://irp.cdn-website.com/5516674f/dms3rep/multi/Puma_Images+for+Website-Bangkok+Kunsthalle+Images+for+Website-6.+Residency-6.11+Mafalda+von+Hessen--Mafalda-+Preecha+Pattara+17+%281%29.jpg
Residency,Teddy workshop Krittawat Atthsis 10 (1),Gallery,https://irp.cdn-website.com/5516674f/dms3rep/multi/Puma_Images+for+Website-Bangkok+Kunsthalle+Images+for+Website-6.+Residency-6.8+Eduardo+Williams--Teddy+workshop-+Krittawat+Atthsis+10+%281%29.jpg
Residency,Teddy workshop Krittawat Atthsis 16 (1),Gallery,https://irp.cdn-website.com/5516674f/dms3rep/multi/Puma_Images+for+Website-Bangkok+Kunsthalle+Images+for+Website-6.+Residency-6.8+Eduardo+Williams--Teddy+workshop-+Krittawat+Atthsis+16+%281%29.jpg
Residency,Apichaya Wannakit WhatsApp Image 2025-12-24 at 15.01.33 (1),Gallery,https://irp.cdn-website.com/5516674f/dms3rep/multi/Puma_Images+for+Website-Bangkok+Kunsthalle+Images+for+Website-6.+Residency-6.9+Apichaya+Wannakit--WhatsApp+Image+2025-12-24+at+15.01.33+%281%29.jpeg
Residency,Parsi14 copy (1),Gallery,https://irp.cdn-website.com/5516674f/dms3rep/multi/Puma_Images+for+Website-Bangkok+Kunsthalle+Images+for+Website-6.+Residency-6.8+Eduardo+Williams--Parsi14+copy+%281%29.jpg
Residency,Teddy workshop Krittawat Atthsis 3 (1),Gallery,https://irp.cdn-website.com/5516674f/dms3rep/multi/Puma_Images+for+Website-Bangkok+Kunsthalle+Images+for+Website-6.+Residency-6.8+Eduardo+Williams--Teddy+workshop-+Krittawat+Atthsis+3+%281%29.jpg